{
  "iss": {
    "mean": {
      "x_gse": 0.3596674665674243,
      "y_gse": -0.5217326473928471,
      "z_gse": -6.671835101153511,
      "vx_gse": 1.6150572350889037e-05,
      "vy_gse": -2.162073458118808e-05,
      "vz_gse": 3.0508873547260247e-05
    },
    "std": {
      "x_gse": 3983.964415084706,
      "y_gse": 3979.736261220669,
      "z_gse": 3802.3289844320493,
      "vx_gse": 4.488686777355575,
      "vy_gse": 4.483964424374086,
      "vz_gse": 4.287203381753369
    }
  }
}